barracks_status_dire,barracks_status_radiant,dire_score,duration,first_blood_time,radiant_score,radiant_win,tower_status_dire,tower_status_radiant
0,63,16,33.4,3.4,37,True,0,1983
51,51,43,37.4,1.4,35,False,1990,262
63,0,31,30.5,0.0,15,False,2047,0
63,0,48,34.8,2.0,16,False,2038,0
3,63,21,34.7,0.2,53,True,4,1854
55,0,42,41.0,5.1,20,False,1926,0
0,63,7,21.4,2.7,44,True,0,2047
48,63,21,34.4,1.1,39,True,256,1974
0,63,23,27.6,2.9,45,True,0,2046
63,0,61,37.9,0.3,36,False,1974,0
63,3,31,38.1,2.2,24,False,2038,4
0,63,42,53.7,4.1,49,True,0,1956
63,0,52,35.1,2.9,14,False,2038,0
63,52,40,44.1,0.3,31,False,1958,256
48,63,20,34.1,3.2,35,True,384,1974
63,0,51,39.0,0.1,25,False,1975,0
0,63,43,52.0,2.2,55,True,0,1799
48,63,24,45.5,0.0,40,True,384,1846
0,63,7,34.2,0.0,49,True,0,2047
0,63,21,32.4,1.2,34,True,0,2047
3,63,39,47.6,2.0,49,True,0,1968
63,0,49,40.4,0.2,32,False,1972,0
0,63,34,35.4,0.2,44,True,0,1972
3,63,53,39.7,0.4,61,True,6,1958
44,51,42,36.5,0.0,52,False,1568,390
63,3,48,32.5,2.4,31,False,1974,4
0,63,23,34.5,0.5,40,True,0,1974
0,0,53,70.0,0.2,64,True,0,1536
1,63,44,59.6,0.4,56,True,0,1796
48,63,29,36.6,1.6,44,True,0,1958
51,63,14,32.1,0.0,49,True,388,1982
3,63,47,46.4,0.8,52,True,4,1830
51,63,23,30.4,0.4,38,True,262,1974
63,3,33,28.3,0.0,19,False,1854,4
63,0,34,28.6,1.3,18,False,1974,0
63,0,36,32.4,3.0,13,False,2047,0
63,51,25,36.8,5.4,17,False,2046,260
0,59,62,63.3,0.1,51,True,0,1798
60,3,44,52.1,4.1,50,False,1792,4
0,63,23,31.2,0.1,43,True,0,1983
51,63,14,23.4,0.0,28,True,260,2047
63,0,32,39.8,0.6,16,False,1846,0
48,63,18,31.6,0.1,41,True,384,1982
0,63,22,37.7,4.8,29,True,0,2039
63,0,25,28.2,0.1,13,False,1968,0
51,63,14,32.3,2.3,33,True,388,1974
51,48,46,42.3,2.2,36,True,388,1792
63,55,34,33.9,1.2,18,False,1846,260
51,63,11,23.3,1.6,35,True,388,1983
0,63,20,32.8,1.2,38,True,0,2047
63,0,39,36.9,1.0,14,False,1972,0
35,63,25,39.2,0.1,51,True,0,2047
48,63,32,38.9,2.6,63,True,0,1983
63,51,35,35.8,0.3,42,False,1844,390
63,3,28,31.8,5.5,21,False,1974,6
0,63,14,30.6,0.7,39,True,0,1974
51,63,35,37.2,1.2,39,True,6,1574
63,51,21,31.8,4.5,19,False,1958,390
63,51,28,31.1,1.2,25,False,1974,390
63,0,33,33.5,1.0,22,False,1974,0
0,51,39,51.4,0.0,50,True,0,1542
51,63,32,46.1,0.0,48,True,4,1974
63,3,49,33.7,2.0,26,False,2022,4
3,63,11,29.7,2.0,47,True,4,1975
63,3,42,48.5,1.0,35,False,1956,4
0,63,41,41.7,0.1,38,True,0,1830
63,0,51,47.0,2.7,32,False,1974,0
63,50,25,35.4,0.0,24,False,1968,384
3,19,30,42.2,1.7,38,True,4,1542
3,51,53,62.0,0.0,62,True,4,1798
51,48,40,47.8,2.8,34,False,1926,256
51,51,52,60.4,0.2,53,False,260,262
63,0,43,29.7,1.3,11,False,2046,0
0,63,16,32.1,6.2,34,True,0,2044
19,63,37,38.7,3.7,45,True,6,1974
51,63,36,45.2,0.3,48,True,390,1798
63,0,53,46.1,0.2,36,False,1926,0
63,0,38,30.1,0.4,21,False,1847,0
0,63,22,33.4,1.3,36,True,0,1959
63,0,45,37.8,2.2,18,False,1974,0
51,63,4,13.4,0.8,11,True,262,2047
63,48,43,33.9,0.1,19,False,1974,256
0,63,22,29.9,1.6,49,True,0,1975
0,63,8,26.0,2.7,42,True,0,1975
63,0,46,31.4,0.9,20,False,2038,0
3,63,25,35.2,2.0,37,True,4,1975
0,63,39,49.7,0.2,41,True,0,2047
0,63,33,35.8,0.0,44,True,0,1983
48,63,11,23.2,2.6,29,True,384,1855
48,51,47,54.4,2.5,38,True,384,1542
0,62,25,36.6,1.3,35,True,0,1840
63,0,38,39.7,1.8,26,False,2047,0
63,0,52,47.2,0.4,36,False,2038,0
4,16,42,54.4,0.0,22,False,0,0
63,0,57,42.4,1.2,29,False,1974,0
51,62,30,50.4,1.9,40,True,262,1792
3,63,26,48.2,3.8,58,True,4,1846
51,60,47,49.3,1.6,33,False,1796,256
0,3,51,51.6,1.5,24,False,1536,4
3,63,29,30.2,1.4,34,True,6,1958
0,63,39,37.4,1.7,45,True,0,2038
63,3,65,32.8,0.4,29,False,1983,0
60,0,69,42.5,0.1,40,False,1968,0
0,63,50,51.4,0.2,37,True,0,1572
0,63,16,29.2,0.0,50,True,1536,2047
63,0,56,43.3,2.1,26,False,1982,0
63,0,51,40.4,4.1,29,False,2038,0
0,63,45,58.5,2.3,58,True,0,1830
54,51,58,46.3,0.4,33,False,1792,262
63,51,51,50.8,1.9,44,False,1572,388
0,63,22,35.7,1.6,51,True,0,1975
15,0,52,55.3,0.6,53,False,548,0
0,63,35,44.4,3.3,57,True,0,1974
3,63,11,26.5,0.0,47,True,4,2047
15,63,52,46.4,1.0,61,True,36,1959
51,59,47,45.7,1.6,55,True,390,1796
0,63,9,27.1,3.9,46,True,0,2047
63,0,40,32.1,0.0,25,False,1846,0
51,60,51,43.0,4.0,43,True,454,1824
51,0,71,54.8,1.2,60,False,772,0
63,0,45,39.1,3.7,34,False,1926,0
3,63,32,43.6,0.0,42,True,6,1956
63,0,55,40.0,1.9,28,False,1974,0
3,63,38,43.3,0.3,44,True,4,1847
63,0,26,25.8,1.2,11,False,2039,0
16,63,6,29.2,0.3,38,True,0,2047
63,51,53,38.2,1.7,31,False,1975,4
63,51,38,39.9,1.8,45,False,1824,384
0,63,41,46.9,0.0,50,True,0,1974
63,0,47,39.3,1.3,27,False,1974,0
51,63,27,40.6,1.4,45,True,260,1840
63,0,36,38.7,2.6,34,False,1974,0
63,51,45,40.2,0.4,54,False,1846,0
63,0,62,37.1,0.4,31,False,2038,0
1,63,36,45.6,1.7,70,True,0,1974
51,63,31,39.2,1.1,42,True,260,1974
15,51,50,46.0,0.1,49,True,4,1924
51,63,17,28.4,0.1,29,True,262,1983
0,63,27,35.9,5.2,46,True,0,1975
3,63,10,17.0,1.4,30,True,4,2047
0,63,12,24.6,2.9,32,True,0,2047
52,51,55,54.8,2.0,38,False,1792,6
63,55,33,39.1,0.0,36,False,1828,388
0,63,30,38.8,2.7,37,True,0,2047
63,0,39,23.1,1.0,8,False,2046,0
63,15,49,42.5,0.0,43,False,1830,36
3,55,64,57.1,3.0,57,True,0,1536
0,63,37,42.7,0.1,48,True,0,1830
51,63,36,40.2,2.9,48,True,390,1958
0,63,37,39.5,2.1,31,True,0,2039
63,0,49,34.8,2.0,28,False,1975,0
51,15,22,42.2,3.4,25,True,390,1572
0,63,33,36.1,2.2,54,True,0,1975
51,63,29,34.2,0.2,32,True,262,1974
51,3,50,60.4,1.4,74,True,260,4
63,48,62,51.2,0.5,26,False,1958,256
63,31,45,33.3,0.5,24,False,1983,4
63,0,29,29.3,0.0,24,False,2046,0
63,48,40,44.6,0.0,27,False,1846,0
63,0,47,31.8,0.6,26,False,1852,0
63,0,45,42.0,3.0,26,False,1844,0
63,63,5,13.2,1.7,22,True,1974,2039
51,63,31,33.3,0.3,31,True,454,1846
48,63,51,43.1,3.5,52,True,256,1798
1,63,42,57.6,1.0,62,True,0,1830
0,63,21,37.6,2.8,35,True,0,1844
63,0,37,38.0,0.2,22,False,2046,0
0,63,23,27.4,0.2,50,True,0,1974
63,3,53,26.9,3.8,17,False,2046,4
63,1,45,39.0,0.8,34,False,1798,0
0,3,51,51.2,1.5,56,True,0,1540
0,63,19,29.1,1.2,38,True,0,1983
3,63,22,32.9,1.5,37,True,4,2022
0,63,18,47.6,0.0,42,True,0,1846
0,63,29,35.3,1.9,27,True,0,1846
63,3,41,38.4,1.1,25,False,2046,4
63,0,35,36.4,1.8,33,False,1974,0
0,60,36,40.0,0.3,47,True,0,1824
63,51,37,38.4,3.5,24,False,1974,388
3,63,25,31.6,2.8,59,True,6,1974
63,60,41,35.6,0.0,24,False,1846,432
63,0,25,29.1,2.6,8,False,1830,0
0,63,23,30.4,1.5,36,True,0,1974
0,63,33,33.4,1.0,61,True,0,2046
63,0,48,27.2,1.4,17,False,2047,0
51,63,12,21.9,0.0,32,True,390,2039
0,63,26,34.2,2.2,53,True,0,2038
0,63,27,38.5,0.4,30,True,0,1975
3,63,24,36.6,1.0,38,True,6,1972
63,3,29,36.8,0.8,33,False,1844,6
63,0,34,37.6,0.0,27,False,1830,0
63,48,43,36.8,0.2,27,False,1982,384
0,63,34,47.3,1.5,40,True,0,1846
51,55,61,60.6,1.1,68,True,260,1796
2,63,31,39.6,1.2,46,True,0,1975
51,63,40,44.6,0.4,57,True,260,1974
0,63,21,39.9,2.9,42,True,0,1982
51,63,29,39.5,0.8,49,True,388,1974
51,3,47,49.7,1.6,54,True,260,1540
51,63,11,25.1,0.2,26,True,260,2039
50,0,50,65.2,2.2,51,True,256,0
3,63,8,23.1,0.0,32,True,6,1982
63,48,52,35.4,0.0,30,False,1974,256
48,63,14,23.8,4.1,24,True,256,2047
0,63,27,29.8,1.5,36,True,0,1983
51,63,23,27.2,0.2,43,True,260,2046
3,63,24,31.9,1.7,59,True,6,1975
19,55,54,54.0,0.2,42,True,0,1798
12,63,30,34.0,0.0,47,True,32,1974
51,63,18,23.0,1.7,42,True,388,2047
63,48,40,37.3,4.0,17,False,1590,384
51,63,24,36.3,2.7,32,True,388,1959
50,0,55,51.8,0.1,50,False,1920,0
63,51,60,36.2,0.4,29,False,1974,260
63,0,30,28.0,1.1,24,False,2047,0
0,63,31,54.4,0.0,42,True,0,1959
63,48,40,44.7,0.9,25,False,1958,0
63,48,41,43.9,1.3,35,False,1846,256
63,0,58,53.5,1.6,46,False,1798,0
51,51,44,51.0,1.3,51,True,388,260
63,63,32,20.0,3.2,5,False,2047,1830
51,63,10,22.6,3.0,29,True,1796,2047
63,0,57,47.9,1.9,37,False,1956,0
48,63,22,33.8,2.7,48,True,256,1974
63,3,33,26.6,1.6,14,False,1972,4
63,0,32,38.3,1.2,13,False,2036,0
3,63,45,41.6,0.6,58,True,4,1830
63,48,55,33.3,0.1,30,False,1975,384
51,63,25,40.1,1.3,39,True,260,1828
0,63,23,24.4,1.3,38,True,0,2047
63,0,39,29.8,0.4,18,False,1975,0
0,63,13,25.8,0.2,36,True,0,1982
51,63,28,37.4,0.8,37,True,256,1975
63,3,52,39.5,1.2,47,False,1572,4
3,11,76,65.4,2.0,57,True,4,1536
16,0,45,38.8,0.2,40,False,1536,0
63,0,55,59.8,0.2,62,False,1952,0
51,63,12,22.3,1.6,48,True,260,2047
0,63,15,27.4,1.6,33,True,0,2046
2,63,31,40.4,1.1,44,True,0,1974
63,3,45,38.0,2.8,32,False,1974,4
63,0,53,41.8,2.8,35,False,2038,0
3,63,18,33.6,2.8,49,True,4,2047
0,63,27,36.6,1.6,58,True,0,2047
63,0,38,33.8,0.6,31,False,2046,0
4,0,41,57.8,0.0,45,True,0,512
63,0,49,52.3,0.2,46,False,1926,0
51,59,27,37.8,1.0,34,True,260,1926
51,0,38,44.8,0.6,43,False,772,0
15,63,48,56.9,4.6,56,True,36,1830
0,63,26,32.8,1.4,46,True,0,1983
63,0,79,62.2,0.9,51,False,1974,0
63,48,49,37.0,1.8,29,False,2038,0
51,13,54,49.6,2.1,45,True,391,512
63,0,52,48.9,0.0,39,False,1828,0
48,59,31,37.4,1.2,40,True,256,1927
63,0,41,26.8,0.2,8,False,2046,0
63,51,55,37.8,0.2,32,False,1958,256
0,63,29,41.4,3.1,47,True,0,1982
63,0,41,44.4,0.4,41,False,1796,0
0,63,39,40.9,1.8,48,True,0,1847
63,3,49,26.9,0.7,13,False,2046,6
63,3,45,40.8,0.2,22,False,1952,6
63,0,34,31.4,1.7,17,False,1958,0
61,3,34,41.5,0.1,44,True,416,1542
3,63,50,43.5,2.0,53,True,4,1958
60,63,13,23.2,0.0,39,True,288,2047
63,0,55,32.9,0.2,21,False,2047,0
63,0,45,38.1,3.4,30,False,1846,0
48,3,45,48.6,0.1,38,False,0,6
63,0,48,38.3,0.8,31,False,1982,0
63,48,25,31.2,2.8,17,False,2038,384
51,63,23,29.5,2.8,26,True,260,1983
63,0,51,41.5,0.0,30,False,1844,0
3,63,21,33.5,0.0,54,True,6,1983
0,63,50,49.8,2.0,63,True,0,1830
31,48,37,42.3,0.3,41,True,52,1920
63,0,55,38.9,2.8,25,False,1974,0
63,0,44,54.2,0.8,38,False,1846,0
63,0,48,34.3,0.2,26,False,2036,0
63,51,52,32.8,0.1,22,False,2039,4
51,12,56,58.9,0.2,54,False,390,0
0,63,25,42.5,0.8,51,True,0,1974
3,51,54,57.9,0.4,36,True,4,1920
55,48,47,42.6,2.3,27,False,1796,384
63,0,46,35.9,4.6,18,False,2047,0
63,3,40,31.2,3.6,27,False,2044,6
48,55,43,55.4,0.9,57,True,384,1540
63,51,29,32.4,0.0,38,False,1844,388
0,63,13,21.6,0.0,33,True,0,2047
63,0,38,41.6,0.0,41,False,1798,0
48,50,49,47.3,0.2,63,True,256,1792
0,63,27,34.2,1.3,58,True,0,2039
63,3,46,34.3,1.2,21,False,2047,4
63,3,55,31.1,0.0,22,False,2046,4
3,63,55,52.4,0.8,66,True,4,1796
51,63,28,32.4,3.7,58,True,388,1982
51,63,38,33.0,0.4,39,True,260,1847
3,63,30,39.2,1.7,41,True,4,1972
0,63,26,31.7,1.9,46,True,0,1974
63,3,50,46.7,0.0,44,False,2022,4
63,48,33,23.2,1.6,9,False,1975,256
0,63,21,34.1,1.3,37,True,0,1798
63,0,27,25.2,0.5,17,False,1975,0
1,63,15,29.2,0.9,45,True,0,2047
51,63,32,34.8,1.8,58,True,388,1846
0,63,23,35.6,0.7,44,True,0,1983
3,63,20,28.6,1.5,63,True,4,2047
51,63,24,44.4,0.8,39,True,260,1974
0,63,37,42.0,1.6,47,True,0,1982
63,0,47,31.4,3.4,24,False,2046,0
3,63,19,30.7,0.1,60,True,4,2038
55,7,65,61.0,0.7,70,True,260,1540
0,63,34,44.5,1.2,50,True,0,1828
63,49,44,44.7,1.0,32,False,1974,256
51,63,29,31.0,1.1,49,True,262,2038
3,3,44,48.7,0.5,48,True,6,1540
3,63,30,37.0,1.6,38,True,4,1846
51,63,17,31.0,1.8,27,True,390,1982
63,51,48,30.3,0.2,18,False,2046,256
0,63,19,29.9,0.2,55,True,0,2047
59,48,53,49.4,2.8,53,False,1796,256
63,51,53,41.0,1.6,24,False,1974,388
63,0,35,35.5,0.4,24,False,1844,0
51,15,17,32.0,2.2,37,True,452,1588
0,63,17,29.4,0.1,31,True,0,2046
63,3,45,55.2,1.8,41,True,262,1536
63,51,41,28.8,1.2,4,False,1983,260
19,60,45,43.9,1.7,39,True,4,1568
3,63,23,28.8,0.1,32,True,6,1974
63,16,39,40.0,0.1,16,False,1982,0
63,51,48,47.3,4.3,45,False,1572,388
63,0,47,42.9,0.7,24,False,1974,0
63,63,41,42.6,2.0,41,True,388,1830
63,3,44,31.2,0.7,6,False,2047,4
63,3,51,38.4,0.4,39,False,1956,6
63,48,32,27.0,2.3,11,False,1975,256
0,63,29,32.7,0.1,41,True,0,1974
63,51,57,45.7,0.9,39,False,1828,390
51,63,43,41.1,2.8,37,True,262,1958
60,51,46,49.8,2.2,58,False,1280,263
63,3,37,38.4,2.8,36,False,1846,4
63,0,84,43.8,0.1,38,False,2038,0
63,16,47,31.6,0.5,27,False,1974,0
0,63,38,50.0,0.2,63,True,0,1972
3,63,15,31.8,3.8,37,True,6,1975
51,63,24,31.9,3.1,36,True,384,1975
63,0,60,50.9,0.0,45,False,1796,0
63,0,56,33.7,1.8,19,False,2023,0
31,51,27,43.8,2.0,29,False,1540,388
63,0,36,46.6,0.1,21,False,1958,0
63,3,44,32.4,1.1,18,False,2047,4
63,3,56,34.8,2.5,26,False,2039,0
63,0,40,41.3,0.0,25,False,1958,0
3,63,26,32.4,1.2,55,True,4,2046
51,63,37,34.6,0.2,41,True,452,1798
63,55,42,42.4,1.9,27,False,1974,260
51,55,48,49.3,0.8,52,True,262,1796
63,0,52,40.1,0.1,24,False,2022,0
63,0,43,32.8,2.4,24,False,2046,0
63,0,55,51.8,1.4,37,False,2022,0
51,63,22,26.4,0.0,59,True,260,2046
0,63,32,46.8,2.8,70,True,0,2038
63,48,54,31.0,0.2,16,False,1974,256
63,0,50,35.7,1.8,19,False,2038,0
63,48,37,40.0,0.3,22,False,1588,384
63,49,45,31.3,0.2,26,False,2038,384
48,63,37,47.0,3.4,36,True,384,1846
0,63,15,25.8,0.6,31,True,0,2047
63,0,46,56.0,1.8,39,False,1926,0
0,63,31,36.4,5.6,42,True,0,1974
51,0,53,50.4,0.0,53,False,1924,0
0,63,21,31.1,0.0,48,True,0,1983
3,56,46,46.5,1.7,48,True,6,1920
0,63,51,48.3,0.1,49,True,0,1828
51,0,50,67.2,2.1,63,False,1798,0
51,63,18,29.1,0.2,33,True,260,1975
63,51,64,49.8,2.3,39,False,1926,256
1,15,50,42.6,1.9,32,False,0,38
63,0,36,28.2,0.0,18,False,1982,0
0,63,56,41.8,0.0,47,True,0,1846
63,0,53,39.7,0.4,17,False,2046,0
3,0,53,46.6,1.1,44,False,1540,0
60,51,46,42.4,2.8,50,False,1280,262
0,51,33,43.5,1.8,46,True,0,1798
3,63,23,34.2,0.8,43,True,4,1983
63,0,28,34.2,0.0,39,False,1572,0
3,63,37,42.1,4.3,41,True,0,1974
63,63,14,16.8,1.6,28,True,1974,2047
63,0,46,39.2,1.1,31,False,1974,0
63,0,49,27.9,3.4,16,False,1855,0
51,51,60,50.5,1.9,59,True,390,1798
63,3,41,50.3,3.5,30,False,1844,0
63,1,38,32.3,1.7,26,False,1974,0
51,63,4,21.8,2.1,38,True,390,2047
51,51,49,44.0,0.4,44,True,454,1796
15,63,37,42.0,0.7,39,True,36,1828
55,0,44,57.2,1.8,63,True,390,0
0,3,61,59.6,1.5,65,True,0,518
63,0,37,30.5,2.1,11,False,2047,0
3,3,60,60.9,0.2,50,True,4,0
63,0,39,36.8,1.6,33,False,1982,0
63,48,33,24.1,0.0,5,False,2047,256
51,63,26,33.9,0.9,32,True,260,1854
63,51,49,41.2,0.5,42,False,1828,388
0,63,26,29.4,1.6,45,True,0,1983
63,0,44,37.0,2.6,29,False,1974,0
63,63,32,47.3,0.0,32,False,1796,256
3,63,41,49.8,2.4,62,True,4,1983
63,48,35,38.0,0.4,40,True,260,1536
0,51,44,56.0,0.1,59,True,0,1799
48,63,20,25.2,0.0,45,True,384,1844
0,63,49,57.0,0.2,64,True,0,1846
0,63,53,52.1,0.7,42,True,0,1958
63,48,45,34.1,2.3,14,False,2046,256
3,63,20,28.5,2.2,46,True,4,1846
51,63,37,37.8,0.4,39,True,390,1956
0,63,18,27.8,2.0,34,True,0,2039
0,63,20,29.0,1.5,29,True,0,1846
61,3,40,42.7,0.2,53,False,1824,4
0,63,37,44.6,1.1,59,True,0,1824
63,0,35,35.9,0.0,36,False,2046,0
63,0,56,44.7,2.7,29,False,1972,0
0,63,26,36.6,2.2,52,True,0,1974
0,63,36,38.9,1.1,66,True,0,1974
61,51,46,45.5,2.0,38,False,1920,391
51,63,19,31.8,1.2,29,True,452,1975
51,63,20,26.0,0.1,30,True,390,1983
63,0,47,29.8,0.0,20,False,1975,0
3,63,25,31.9,0.0,42,True,4,2039
0,15,39,37.1,0.1,36,True,0,1590
3,63,50,40.1,0.2,66,True,4,1975
63,3,34,32.6,0.1,14,False,1974,6
51,63,28,30.2,1.6,37,True,262,1983
51,0,42,45.6,1.6,42,False,1990,0
63,48,42,26.2,3.4,13,False,2047,384
63,0,55,52.2,1.8,47,False,1846,0
3,63,25,29.4,1.4,52,True,4,1982
63,51,33,30.9,0.5,25,False,1974,384
63,51,59,45.4,2.7,39,False,1846,260
0,63,26,38.5,0.0,49,True,0,1974
63,51,44,30.8,2.1,12,False,1983,388
0,63,30,38.3,0.8,51,True,0,1974
63,0,59,32.8,0.0,25,False,1982,0
63,3,47,32.6,0.2,24,False,2039,4
19,63,40,30.1,0.0,45,True,6,1975
19,55,52,47.0,2.7,54,True,4,1540
0,63,38,47.8,1.1,59,True,0,1846
0,63,48,46.4,0.0,46,True,0,1568
48,63,30,43.2,4.7,48,True,384,1830
63,0,42,31.8,4.0,14,False,2038,0
0,63,31,33.9,1.4,58,True,0,1974
63,48,42,36.1,0.1,30,False,2038,256
63,0,35,34.3,0.3,20,False,1975,0
51,63,45,38.7,0.5,45,True,390,1824
0,63,39,40.1,0.3,55,True,0,1975
51,0,57,45.0,2.4,49,False,1798,0
63,51,48,44.2,1.2,31,False,1956,4
0,63,37,36.0,0.0,44,True,0,2039
51,63,10,26.5,1.4,36,True,260,1982
63,0,44,37.4,0.1,24,False,2038,0
63,3,42,30.4,0.5,16,False,1975,4
51,51,45,44.5,3.0,48,False,1796,390
63,48,47,47.0,1.6,38,False,1974,256
63,48,53,44.4,1.8,44,False,1828,384
63,0,39,42.8,1.9,27,False,1958,0
51,63,19,35.1,1.8,53,True,260,1983
0,63,20,29.3,1.9,36,True,0,1846
48,63,22,29.7,0.0,41,True,256,1847
12,63,18,24.1,0.3,50,True,32,2047
63,3,41,21.9,0.1,5,False,2046,4
51,63,26,44.7,2.2,39,True,260,1975
63,0,43,27.0,1.4,25,False,2046,0
55,3,44,41.6,0.2,27,False,1796,6
60,63,23,28.1,1.2,38,True,416,1974
63,0,61,58.2,0.2,55,False,1828,0
63,15,51,57.6,0.2,52,False,1924,32
12,63,42,40.1,0.9,29,False,1584,260
63,49,40,38.1,0.2,31,False,2047,384
0,63,17,23.4,0.2,51,True,0,2047
63,0,36,23.2,2.2,16,False,2047,0
3,63,47,46.8,0.8,47,True,4,1956
55,0,41,47.4,0.8,43,False,1924,0
3,63,30,38.7,2.2,42,True,4,1974
7,51,47,48.1,2.2,32,False,1540,260
63,3,39,34.3,3.7,25,False,2036,6
63,0,45,35.5,0.0,32,False,1974,0
0,63,26,31.4,0.8,42,True,0,1983
0,63,18,29.6,2.0,55,True,0,2047
3,63,17,23.5,0.1,41,True,4,2047
51,63,39,32.5,0.0,46,True,390,1926
63,48,54,27.0,1.7,25,False,2046,256
16,63,29,46.3,0.0,62,True,0,1830
3,63,33,40.4,0.4,51,True,4,1956
48,15,40,46.2,2.1,48,True,256,1574
16,31,74,74.3,0.2,60,True,0,1540
63,0,39,41.5,0.1,33,False,1830,0
48,51,45,44.7,1.9,53,True,256,1542
51,63,33,36.1,2.6,44,True,262,2039
51,63,39,36.2,0.5,40,True,390,1974
63,0,46,51.6,2.0,33,False,1958,0
15,51,50,39.1,0.2,49,True,52,1540
63,0,60,43.3,1.0,52,False,2038,0
63,0,76,57.7,2.5,64,False,1924,0
15,51,57,68.8,1.0,54,False,1572,6
48,63,30,35.7,1.8,45,True,384,1972
0,63,16,28.4,2.0,33,True,0,1975
51,3,58,48.8,0.2,58,True,260,512
63,48,54,39.4,0.0,25,False,1974,256
3,63,27,36.2,0.2,44,True,4,1975
63,0,60,51.6,0.3,41,False,1956,0
55,0,48,52.1,3.1,38,False,1798,0
51,51,45,46.8,0.9,49,True,388,1798
3,63,27,41.3,3.6,46,True,4,1959
51,63,13,20.0,2.1,24,True,454,2047
63,48,70,38.8,1.5,35,False,1972,256
63,3,42,41.2,0.0,50,False,1798,6
48,63,29,39.1,1.6,49,True,256,1847
63,0,40,41.2,2.1,38,False,1974,0
51,63,43,40.4,1.9,41,True,452,1830
51,63,16,22.8,0.0,46,True,6,2047
51,63,15,22.6,0.0,39,True,262,1983
48,0,51,39.1,0.2,52,False,1792,0
0,51,42,51.0,3.4,40,True,0,1926
63,48,47,31.5,0.4,23,False,1974,256
0,63,40,46.6,0.2,60,True,0,1924
63,51,51,34.0,0.0,22,False,1572,260
15,63,21,30.4,0.5,40,True,36,1975
3,63,36,44.9,0.9,64,True,4,1983
0,63,38,32.0,0.3,44,True,0,1983
51,63,6,18.4,0.1,27,True,262,2047
63,0,55,36.3,0.2,15,False,2046,0
60,63,18,31.9,0.1,46,True,288,2047
63,0,44,37.7,1.8,26,False,1956,0
51,63,31,35.1,0.1,49,True,260,2039
51,63,28,40.4,2.0,48,True,390,1974
3,63,13,19.9,0.0,30,True,4,2047
48,63,44,44.8,0.0,56,True,384,1828
0,63,41,53.8,3.4,58,True,0,1572
0,47,46,41.3,0.8,46,True,0,1574
3,63,31,30.2,1.1,43,True,4,2038
3,63,21,34.4,0.1,33,True,4,1982
48,63,27,42.5,2.2,40,True,0,1846
0,63,26,35.9,1.4,41,True,0,2039
51,63,24,38.6,3.4,40,True,4,1956
63,51,57,59.8,2.8,46,False,1796,390
51,3,28,50.1,3.3,45,True,260,1542
55,63,32,48.4,4.4,37,True,262,1796
51,63,44,45.3,0.2,39,True,388,1792
63,0,53,36.2,2.7,29,False,1983,0
12,3,36,42.5,2.8,19,False,1568,6
63,48,45,46.6,3.2,28,False,1980,256
63,3,48,42.3,0.7,21,False,2038,4
0,63,29,37.0,2.1,46,True,0,1974
63,51,26,30.8,1.7,11,False,1974,260
63,48,51,31.8,1.5,19,False,2046,0
3,63,43,44.3,0.8,47,True,4,1830
63,48,43,33.5,2.6,26,False,2038,256
63,0,32,24.2,1.3,7,False,2047,0
63,0,35,24.9,0.2,13,False,2046,0
48,63,36,41.7,0.2,52,True,256,1926
48,63,8,31.2,1.8,36,True,256,1983
63,0,40,34.3,2.2,19,False,2038,0
0,59,45,51.6,1.5,52,True,0,1798
63,51,53,50.0,2.4,36,False,1956,256
51,63,51,57.1,1.5,48,True,260,1846
63,0,45,28.3,2.2,24,False,2039,0
51,63,17,29.5,0.8,45,True,260,2039
0,63,13,27.3,1.2,34,True,0,2047
3,63,28,47.6,4.6,52,True,0,1975
51,7,39,49.4,1.7,46,True,260,1540
63,0,45,26.9,1.9,10,False,1855,0
3,63,24,36.7,2.0,45,True,6,1975
63,3,21,21.4,2.0,11,False,2047,4
0,63,33,38.4,2.4,34,True,0,1846
63,63,39,41.5,2.6,56,True,6,1828
63,0,36,35.2,2.3,19,False,1974,0
0,48,48,53.1,3.3,72,True,0,1280
63,0,29,51.2,1.9,28,False,1796,0
63,48,42,39.3,2.4,35,False,1972,384
0,63,9,28.2,1.7,33,True,0,2047
63,16,53,32.2,2.1,14,False,2047,0
63,51,53,45.7,2.4,27,False,1972,260
0,63,29,38.6,1.1,46,True,0,1846
0,63,28,27.6,0.0,37,True,0,1983
63,15,49,50.1,3.0,28,False,1844,36
0,63,15,38.2,0.8,31,True,0,1974
0,63,18,30.2,1.2,52,True,0,2047
3,63,19,36.3,0.0,43,True,4,2047
63,0,43,47.2,1.7,37,False,1846,0
48,0,34,59.0,1.8,43,False,256,0
0,63,15,36.1,5.6,40,True,0,1975
0,59,47,54.8,5.4,43,True,0,1540
63,48,64,44.4,1.3,40,False,1974,0
0,63,38,45.7,1.6,47,True,0,1828
0,63,27,38.4,2.0,53,True,0,1975
15,63,19,35.4,0.0,51,True,4,2044
51,63,13,25.2,4.7,28,True,390,2047
51,63,32,46.1,1.8,57,True,4,2039
3,63,27,36.1,0.0,38,True,4,1958
0,63,35,39.3,2.2,48,True,0,1847
0,63,32,46.4,1.7,45,True,0,1974
0,63,31,37.4,1.8,34,True,0,1974
51,3,58,41.5,2.2,38,False,1926,4
63,48,55,37.5,1.2,21,False,1974,256
51,63,8,20.4,0.8,23,True,260,2047
63,3,64,59.4,0.1,56,False,1796,6
0,63,22,36.5,0.4,34,True,0,1974
63,48,34,23.8,3.8,12,False,2046,256
3,63,24,37.2,3.0,48,True,0,2047
63,0,46,44.2,0.2,38,False,1972,0
63,0,40,38.2,2.3,28,False,1982,0
0,63,26,34.2,1.9,43,True,0,1854
63,0,32,26.2,1.8,13,False,2047,0
63,60,34,23.8,4.0,8,False,2047,288
51,63,8,16.6,4.6,18,True,390,2047
0,63,25,38.4,3.5,44,True,0,1975
16,63,19,32.8,2.3,50,True,0,2047
51,63,3,24.4,3.8,19,True,260,2047
51,63,43,51.5,1.8,47,True,260,1792
31,3,44,53.2,1.0,46,False,1568,6
0,63,13,28.0,3.1,34,True,0,2047
48,63,32,44.6,4.1,36,True,384,1972
51,63,15,24.9,2.6,24,True,262,1974
63,2,49,37.8,0.6,31,False,1972,0
63,3,59,44.8,1.4,33,False,2038,6
51,3,52,46.4,0.9,55,True,388,1540
63,48,51,50.3,1.4,42,False,1830,256
0,63,25,41.1,1.0,44,True,0,1855
63,0,46,48.0,1.9,31,False,1974,0
63,3,49,35.8,0.2,17,False,2046,4
0,63,51,43.9,0.5,65,True,0,1846
63,0,42,37.2,1.6,16,False,1974,0
63,0,55,46.1,3.1,52,False,1924,0
63,3,42,32.2,0.0,18,False,2046,4
63,0,39,44.5,1.3,38,False,1590,0
63,0,32,30.3,0.6,21,False,2039,0
63,51,57,47.2,1.6,48,False,1572,262
63,51,36,22.7,0.2,6,False,2046,388
3,63,26,36.2,0.7,56,True,0,2038
0,63,43,43.3,1.1,48,True,0,1959
63,63,21,32.7,2.3,43,True,1972,1846
1,47,51,63.9,3.2,67,True,0,1540
63,0,55,45.9,2.3,25,False,2039,0
63,0,30,30.8,4.3,20,False,2039,0
48,63,29,38.4,0.7,50,True,384,1847
16,63,37,48.7,0.4,52,True,0,1958
63,0,62,43.9,2.7,23,False,2047,0
16,63,27,39.2,0.0,41,True,0,1983
63,0,46,41.4,0.2,31,False,1972,0
51,3,41,56.2,2.6,66,True,0,0
63,51,55,54.1,1.7,30,False,1958,256
63,0,46,43.0,1.9,40,False,1972,0
0,63,46,44.9,1.0,21,True,0,1574
63,0,36,28.2,0.0,8,False,2046,0
63,0,42,43.2,2.7,36,False,1983,0
63,0,37,36.2,1.4,28,False,2038,0
63,0,53,41.2,4.4,27,False,1974,0
63,0,46,46.9,0.3,29,False,1974,0
0,63,28,31.8,1.8,37,True,0,1983
51,63,24,39.4,6.5,31,True,262,1972
51,63,13,21.8,1.8,42,True,262,2047
63,48,49,35.9,4.5,14,False,1844,256
63,0,47,44.4,0.2,43,False,1956,0
47,0,31,45.0,8.2,26,False,1572,0
48,63,16,28.8,1.1,48,True,256,2047
0,63,18,35.5,2.1,37,True,0,1974
63,0,40,31.6,2.6,23,False,2047,0
63,0,47,36.0,6.3,18,False,2039,0
0,63,16,36.0,2.7,48,True,0,2047
51,0,67,60.3,2.8,39,False,768,0
63,0,49,43.4,2.7,30,False,1792,0
63,0,60,35.8,2.4,22,False,2046,0
0,63,25,38.4,2.5,36,True,0,1846
51,63,35,36.4,1.6,41,True,390,1828
0,63,19,33.9,3.2,48,True,0,2047
3,63,24,38.9,2.2,51,True,4,1847
63,0,43,31.3,0.1,26,False,2046,0
63,0,59,55.3,0.5,51,False,1828,0
0,63,40,53.2,2.1,39,True,0,1792
63,0,61,47.8,2.4,35,False,1972,0
63,0,44,40.5,0.0,27,False,1974,0
3,0,36,47.6,6.2,27,False,1540,0
63,48,50,46.5,4.0,42,False,1830,256
49,59,33,46.5,2.7,40,True,256,1796
63,0,44,52.6,5.1,41,False,1828,0
51,0,52,44.6,0.5,56,False,1796,0
63,0,37,28.1,0.8,13,False,2047,0
0,63,21,31.7,1.0,44,True,0,2046
0,63,19,35.0,3.3,48,True,0,1852
3,19,49,55.8,0.6,41,False,1540,6
63,3,38,32.5,1.6,11,False,1983,0
63,0,51,38.9,1.4,23,False,1846,0
0,63,24,31.8,4.3,24,True,0,1968
63,0,44,56.0,1.3,32,False,388,0
51,63,13,17.8,0.7,18,True,260,2047
63,3,47,41.3,1.0,29,False,2038,4
0,63,36,45.9,1.2,53,True,0,1972
63,3,47,42.9,0.8,43,False,1798,4
51,63,43,35.4,1.5,28,True,388,1574
51,63,0,14.9,1.4,24,True,455,2047
63,0,37,34.1,0.3,20,False,1846,0
63,0,14,21.1,4.2,1,False,1983,0
3,63,29,31.9,0.7,51,True,6,1924
0,63,32,53.9,1.7,43,True,0,1828
63,0,39,29.1,1.2,25,False,2047,0
63,0,32,27.2,1.5,7,False,2046,0
3,63,5,20.9,0.3,33,True,6,2047
63,51,48,40.2,0.8,23,False,1590,388
63,0,57,21.4,0.0,16,False,2047,0
63,51,37,27.5,2.4,22,False,2046,260
15,0,55,39.7,1.1,31,False,1540,0
0,63,25,33.5,4.3,32,True,0,1983
63,51,48,45.3,0.1,40,False,1830,262
63,0,38,29.2,0.1,19,False,2039,0
0,63,7,26.7,2.8,23,True,0,2047
0,63,20,37.1,2.8,42,True,0,1975
63,0,40,33.4,2.4,24,False,2038,0
63,0,36,27.7,0.7,9,False,2038,0
48,63,26,36.2,0.0,40,True,0,1846
51,63,55,47.0,2.6,53,True,260,1824
0,59,48,51.2,2.5,43,True,0,1798
63,48,32,35.0,1.6,20,False,1974,384
63,0,43,30.9,0.0,19,False,1974,0
0,63,24,40.4,2.4,41,True,0,1854
0,63,27,42.1,2.3,40,True,0,1972
63,0,35,35.9,2.5,20,False,1974,0
3,63,21,30.6,1.1,46,True,4,1846
63,51,38,33.0,0.9,23,False,1974,260
63,0,31,30.8,0.6,18,False,2047,0
63,0,32,37.0,1.5,20,False,1830,0
63,0,49,65.1,4.3,57,False,1798,0
0,63,16,28.4,0.2,37,True,0,1983
63,51,43,26.2,4.2,15,False,2039,256
48,63,33,37.6,0.6,38,True,256,1846
0,63,18,33.2,1.4,51,True,0,1982
0,63,31,42.4,2.5,39,True,0,1926
51,63,22,37.0,2.8,31,True,390,1974
0,59,45,43.5,0.0,57,True,0,1796
0,63,43,42.5,0.8,49,True,0,1983
51,3,50,52.0,1.0,58,False,388,4
0,63,31,32.6,0.1,51,True,0,1983
63,0,33,32.5,0.0,26,False,2047,0
0,63,17,25.0,0.2,33,True,0,2047
0,63,10,27.1,0.2,30,True,0,1983
48,51,74,56.2,0.0,66,False,1792,260
63,3,40,47.4,2.1,48,False,1828,4
0,63,23,33.4,0.0,52,True,0,1983
63,0,50,35.8,1.0,31,False,1974,0
51,0,43,44.6,0.0,35,False,1924,0
63,48,40,40.5,5.4,26,False,1846,384
0,63,30,43.2,4.8,50,True,0,2046
51,63,39,55.5,2.6,51,True,256,1830
0,63,24,38.5,1.8,54,True,0,1974
63,0,39,31.0,2.3,12,False,2046,0
3,63,3,20.8,0.0,34,True,0,2039
3,63,27,43.5,2.7,39,True,4,1974
3,63,18,30.2,0.2,21,True,4,2046
31,51,31,34.0,0.0,16,False,1588,256
0,51,68,76.7,0.7,71,True,0,1796
0,63,24,42.0,0.1,43,True,0,1854
51,63,48,42.8,0.9,54,True,256,1591
63,48,23,31.0,7.6,7,False,1974,256
63,0,53,49.9,2.5,43,False,1828,0
51,63,19,28.6,0.8,42,True,262,2046
0,63,14,32.9,1.4,38,True,0,1982
63,0,47,44.1,0.1,34,False,1846,0
0,63,19,38.2,1.7,34,True,0,1975
60,0,52,53.9,1.4,35,False,1792,0
63,51,29,23.6,0.4,10,False,2039,388
63,3,32,28.8,0.0,15,False,2046,6
3,63,31,33.2,0.7,37,True,4,1846
0,63,17,33.9,0.0,41,True,0,1846
63,0,49,42.1,2.2,23,False,1972,0
0,63,21,39.1,1.8,36,True,0,1974
63,0,56,41.2,0.0,32,False,1974,0
63,51,30,32.9,0.1,28,False,1828,391
63,3,69,36.5,0.2,36,False,1828,6
63,51,36,43.6,3.1,34,False,1958,390
0,63,27,37.2,0.0,31,True,0,1974
63,0,17,26.2,2.8,5,False,1983,0
0,63,11,33.2,1.7,32,True,0,1982
63,0,38,32.6,0.3,19,False,2038,0
3,63,29,42.8,0.2,39,True,6,1958
63,0,45,27.3,0.0,22,False,2047,0
63,0,44,38.3,0.6,25,False,1958,0
63,3,50,48.4,0.9,46,False,1958,6
63,16,55,56.9,1.3,50,False,1828,0
63,51,43,30.0,1.9,21,False,1956,390
63,3,38,39.8,0.6,33,False,1974,4
0,63,9,27.4,1.1,22,True,0,1974
63,0,34,38.7,0.4,24,False,2022,0
51,0,38,46.0,2.4,39,False,1796,0
12,63,15,23.3,1.5,38,True,32,2047
0,63,11,23.9,1.3,41,True,0,1983
51,63,18,30.5,5.7,26,True,388,1983
63,0,44,42.7,0.2,21,False,1844,0
63,0,35,41.3,0.3,25,False,1972,0
63,0,55,45.7,0.7,26,False,1572,0
63,3,34,28.4,0.1,13,False,2038,7
51,0,41,44.4,0.9,42,False,1796,0
0,63,26,37.2,0.2,48,True,0,1975
63,0,36,28.4,2.5,9,False,2038,0
51,63,53,58.0,1.8,64,True,260,1572
51,63,31,36.1,2.6,33,True,262,1828
63,0,38,41.9,3.1,20,False,1974,0
59,3,35,39.9,1.5,37,False,1924,6
0,63,34,35.2,0.8,51,True,0,2039
0,63,17,25.8,1.1,38,True,0,2046
63,51,48,34.8,0.1,21,False,1974,262
0,63,37,41.3,1.1,50,True,0,1982
63,61,30,41.4,7.1,25,False,1974,288
0,63,11,31.0,1.0,34,True,0,2047
3,0,67,53.9,0.9,67,False,1540,0
0,63,17,27.3,0.7,24,True,0,1983
0,63,16,32.1,0.8,30,True,0,1830
51,0,44,38.4,2.3,30,False,1796,0
0,63,19,31.7,2.1,30,True,0,1975
51,23,38,63.0,3.2,54,True,390,1540
0,63,12,36.3,0.6,37,True,0,1846
63,0,24,23.4,0.1,11,False,2047,0
51,63,4,19.9,1.3,16,True,262,2047
3,63,26,40.1,3.6,49,True,4,1975
63,51,37,33.7,0.9,20,False,1844,391
15,0,37,35.9,3.9,20,False,1574,0
51,63,44,47.2,1.0,31,True,454,1572
63,3,22,23.3,4.0,4,False,2047,4
48,63,23,24.8,0.0,35,True,256,2036
63,48,43,34.4,1.2,22,False,1975,0
63,15,56,39.5,1.8,27,False,1972,4
63,0,32,32.7,0.6,20,False,1974,0
63,0,28,36.7,2.0,9,False,2039,0
15,48,52,36.7,1.3,24,False,1574,384
0,63,22,38.4,0.4,51,True,0,2047
51,0,63,67.3,4.2,66,True,260,0
63,51,30,19.0,0.2,3,False,2047,260
63,3,39,35.9,1.0,21,False,1974,6
3,55,29,39.8,1.7,29,True,6,1542
51,63,27,36.7,2.3,35,True,256,1846
0,63,10,32.4,3.5,28,True,0,2047
59,63,40,39.3,2.4,37,True,260,1824
63,0,42,45.8,4.3,34,False,1828,0
0,48,48,55.0,3.7,73,True,0,1792
63,0,62,45.4,0.7,46,False,1974,0
63,3,39,28.0,1.0,22,False,1974,6
51,63,45,40.4,0.0,43,True,262,1568
3,63,20,37.8,0.2,38,True,4,1540
63,0,42,32.6,1.9,13,False,2047,0
63,0,34,27.4,1.3,20,False,2047,0
55,3,57,52.4,1.6,47,False,1920,6
0,63,15,23.6,0.1,24,True,0,1983
63,0,26,23.3,3.9,9,False,2047,0
63,51,17,18.0,3.6,4,False,1983,455
63,51,39,40.4,3.8,31,False,1572,391
63,3,52,52.7,2.0,40,False,1796,4
1,63,21,31.4,0.0,51,True,0,2046
0,63,18,32.0,0.2,27,True,0,1974
63,48,50,41.8,1.9,33,False,1828,256
48,63,14,30.8,3.1,35,True,256,1975
0,63,25,32.5,1.2,38,True,0,1983
3,63,32,41.2,4.5,38,True,4,1972
51,63,11,25.3,1.5,38,True,260,1983
0,63,17,30.9,2.2,43,True,0,2046
47,63,31,30.3,0.7,22,True,62,1844
51,63,31,40.1,1.9,48,True,260,1598
0,63,40,43.9,0.9,37,True,0,1975
63,0,37,35.3,0.7,19,False,2038,0
0,63,15,25.0,1.5,32,True,0,2047
63,3,39,30.2,2.2,20,False,2039,4
63,0,53,34.5,0.0,31,False,2036,0
0,51,38,47.0,1.3,51,True,0,1542
63,48,38,27.7,2.5,18,False,1975,384
63,0,43,40.1,2.7,32,False,1846,0
0,63,29,36.0,0.0,39,True,0,1855
63,0,49,46.8,1.9,29,False,1590,0
63,0,47,47.4,0.1,41,False,2039,0
63,0,51,42.3,0.4,29,False,2036,0
63,48,57,32.9,1.5,26,False,2047,256
49,51,43,58.4,0.8,37,False,1792,263
63,0,46,46.4,3.1,33,False,2038,0
63,0,47,42.9,3.4,39,False,1972,0
51,63,22,40.1,2.2,35,True,260,1958
63,0,29,33.2,0.0,13,False,2039,0
3,63,15,23.5,2.2,26,True,6,2039
55,55,34,45.3,1.5,34,True,4,1796
3,63,20,31.5,1.3,49,True,0,1975
3,63,36,44.8,3.7,48,True,4,1974
0,63,14,23.5,1.2,35,True,0,1854
63,0,55,52.5,0.1,53,False,1830,0
0,63,15,31.5,1.7,47,True,0,1983
51,63,21,23.6,1.2,33,True,390,1983
51,63,40,42.6,1.8,40,True,260,1956
0,51,40,47.4,3.2,50,True,0,1927
63,0,37,37.4,0.1,14,False,1828,0
48,63,16,28.8,1.7,38,True,256,1983
51,51,59,57.5,1.9,50,True,260,1796
0,63,24,32.2,0.2,31,True,0,2046
51,48,49,56.8,0.3,48,True,388,1536
63,0,36,30.3,1.4,15,False,1982,0
63,0,59,43.7,1.6,25,False,1974,0
0,63,52,47.0,0.2,59,True,0,1828
48,3,46,52.5,5.0,37,False,1792,6
0,63,24,38.6,3.8,42,True,0,1854
0,63,41,51.6,0.2,51,True,0,1844
0,63,24,36.4,2.7,42,True,0,1852
15,51,55,70.4,0.1,67,False,1572,390
0,63,22,43.4,5.3,43,True,0,1844
0,63,26,35.5,0.2,49,True,0,1983
0,63,22,41.5,2.6,41,True,0,1975
0,63,25,36.1,2.9,52,True,0,1974
0,63,42,33.7,0.0,44,True,0,2047
51,63,20,31.4,3.0,41,True,390,1974
16,0,59,56.4,1.6,48,False,1536,0
63,0,53,43.3,3.5,45,False,1796,0
63,60,37,42.3,0.2,28,False,1572,288
0,63,19,30.8,0.2,46,True,0,1974
3,63,27,38.7,0.5,33,True,6,1828
0,63,16,38.6,3.2,52,True,0,1983
63,48,41,36.0,0.0,29,False,2046,256
51,63,25,47.4,2.2,40,True,260,1796
3,63,18,33.7,1.3,38,True,4,1974
0,63,11,27.1,2.6,37,True,0,2047
63,0,55,33.6,2.1,22,False,2047,0
0,63,14,34.7,0.0,42,True,0,1974
0,63,25,40.6,2.5,44,True,0,2039
51,63,21,32.2,0.0,45,True,260,2046
51,48,54,48.0,3.5,47,False,6,256
0,63,22,24.2,0.0,43,True,0,2047
63,0,39,48.7,2.1,38,False,1926,0
51,3,53,54.9,4.0,26,False,1796,4
51,60,27,35.1,2.1,35,True,455,1056
48,11,39,58.0,1.5,51,True,384,1540
63,0,50,36.9,0.1,27,False,1975,0
3,63,16,31.7,4.4,48,True,4,1983
63,3,41,38.9,2.0,28,False,1844,4
63,0,56,47.8,0.0,32,False,2038,0
0,63,37,48.3,0.0,47,True,0,1542
51,63,36,46.8,2.0,56,True,260,1972
63,48,58,47.4,0.0,42,False,1959,384
51,63,36,37.9,2.4,49,True,390,1958
63,0,52,37.5,2.2,37,False,1972,0
63,7,55,45.6,5.5,34,False,1956,6
0,63,22,31.9,3.6,29,True,0,1974
48,59,38,49.6,2.3,52,True,384,1798
63,51,45,44.0,1.9,29,False,1828,390
63,0,55,38.0,2.3,20,False,1983,0
0,63,22,34.4,1.3,57,True,0,2046
61,0,39,38.9,0.3,20,False,1952,0
63,51,39,32.2,0.2,30,False,2038,390
0,63,28,42.4,0.3,47,True,0,1975
63,0,22,29.4,3.4,10,False,2039,0
63,3,34,42.8,2.1,35,False,1844,4
0,63,22,39.0,2.7,46,True,0,1974
51,3,49,47.0,0.8,35,False,1796,6
0,63,21,34.2,2.8,44,True,0,1958
51,63,18,35.4,0.7,30,True,260,1959
1,51,46,43.6,1.4,43,True,0,1926
63,0,27,43.4,0.2,33,False,1956,0
0,63,16,27.6,1.0,44,True,0,1983
51,63,34,47.6,4.4,44,True,388,1958
0,63,18,33.5,3.3,43,True,0,2038
63,2,45,37.5,0.4,20,False,1974,0
51,63,29,33.6,0.7,31,True,4,1972
51,63,51,60.0,1.3,50,True,4,1574
63,0,44,33.4,0.0,30,False,1975,0
0,63,20,31.7,4.1,29,True,0,1983
51,63,53,50.7,1.3,56,True,388,1830
63,0,58,41.3,0.9,22,False,2038,0
48,63,25,35.8,2.8,43,True,256,1846
0,63,23,36.9,0.9,38,True,0,1983
15,51,25,45.4,1.7,30,True,4,1926
3,63,49,47.6,2.1,48,True,0,1830
63,51,39,33.2,1.6,25,False,1974,388
63,3,44,31.8,1.8,14,False,2046,4
0,63,22,29.8,0.0,52,True,0,2047
51,48,44,37.7,1.1,41,True,262,1408
51,63,18,25.6,1.7,26,True,260,2047
63,51,43,46.6,1.2,42,False,1844,262
63,0,45,47.5,0.8,37,False,1958,0
0,63,34,47.8,4.3,44,True,0,1574
3,63,17,31.0,0.3,29,True,6,2036
51,63,21,37.9,2.0,37,True,256,1846
63,0,63,58.6,3.8,42,False,1796,0
51,0,54,64.2,1.8,44,False,1796,0
48,63,21,30.7,4.5,36,True,256,2047
0,63,30,50.8,2.8,33,True,0,1844
63,3,50,31.0,1.8,27,False,2046,4
0,51,44,57.2,3.8,52,True,0,1536
51,63,31,38.9,2.6,31,True,260,1982
51,63,17,34.5,0.8,28,True,390,1846
0,63,22,36.0,1.9,44,True,0,1974
48,63,30,44.1,0.9,40,True,384,1828
51,63,30,38.3,1.3,35,True,260,1959
0,63,22,36.0,1.4,50,True,0,2039
61,50,36,42.6,0.7,33,False,2032,256
3,63,58,69.8,1.4,58,True,4,1796
51,63,22,43.6,5.5,28,True,262,1828
0,63,40,46.9,3.0,49,True,0,1983
63,3,44,32.0,1.1,14,False,1846,6
0,63,31,43.7,2.1,52,True,0,1974
0,63,18,30.4,1.0,33,True,0,1926
63,0,36,28.8,2.6,13,False,1983,0
0,63,32,32.6,0.1,29,True,0,1958
35,35,53,57.0,1.7,45,True,4,1540
3,63,11,23.9,2.1,35,True,6,2047
63,0,40,47.8,2.9,21,False,1958,0
63,0,41,30.6,1.8,11,False,2047,0
63,0,40,37.9,0.2,20,False,2044,0
19,63,26,33.3,3.2,43,True,6,1796
3,63,38,50.8,0.2,42,True,4,1830
0,63,32,39.9,2.2,40,True,0,1956
63,0,44,42.3,0.3,15,False,1846,0
0,63,42,58.3,0.6,56,True,0,1796
63,55,42,45.8,2.8,33,False,1574,262
0,63,24,47.7,1.6,58,True,0,1974
51,63,15,32.3,1.3,40,True,260,2039
0,63,13,31.3,3.4,48,True,0,2046
51,51,56,59.7,3.8,42,False,1796,256
0,63,24,36.6,3.6,28,True,0,1983
51,35,28,46.6,2.4,32,True,4,1536
63,51,43,51.9,2.2,25,False,1844,260
0,63,5,22.0,1.3,22,True,0,2047
63,0,42,36.4,0.1,20,False,1828,0
51,63,44,42.6,0.3,47,True,388,1830
63,51,38,36.4,2.4,27,False,1974,6
0,63,26,34.2,0.7,35,True,0,1982
63,0,43,51.1,1.5,45,False,1572,0
3,63,20,32.4,1.6,40,True,0,2047
63,0,55,38.4,3.0,26,False,1975,0
51,15,27,34.6,1.4,28,True,260,1574
63,3,17,17.0,0.7,5,False,2047,4
0,63,11,44.4,0.2,35,True,0,1974
1,63,12,31.6,1.2,28,True,0,2038
48,63,39,38.8,0.8,27,True,384,1846
63,3,38,61.1,4.9,43,False,1796,6
3,63,23,29.5,2.4,32,True,4,1983
55,63,12,23.0,0.2,31,True,388,1983
3,63,23,36.2,0.0,40,True,4,1982
16,63,48,49.1,1.8,57,True,0,1846
51,19,40,48.2,3.2,30,False,1796,4
0,63,15,31.6,1.0,30,True,0,1983
0,63,19,31.6,1.1,49,True,0,1982
51,0,68,57.0,0.0,53,False,1796,0
59,12,64,41.8,2.4,28,False,1926,32
63,63,7,16.6,0.5,18,True,2022,2047
3,63,26,43.4,1.8,43,True,0,1974
48,63,25,35.2,0.0,38,True,384,1828
0,63,14,26.8,1.6,43,True,0,1975
63,0,38,36.7,4.1,29,False,1974,0
51,51,40,49.4,1.5,32,True,262,1792
63,0,39,39.8,2.1,31,False,1972,0
51,63,39,49.4,2.3,60,True,260,1844
0,63,8,24.0,1.6,39,True,0,2047
51,3,40,34.0,1.2,43,True,260,1540
63,0,38,38.4,1.7,31,False,1846,0
0,63,28,34.4,1.6,55,True,0,2047
3,63,12,24.6,0.9,30,True,6,2047
3,63,17,27.8,2.7,30,True,6,2039
63,0,38,27.7,4.9,10,False,2039,0
58,0,46,48.9,0.2,33,False,1792,0
63,0,30,32.0,1.7,28,False,1980,0
63,0,50,38.7,0.0,36,False,1958,0
0,63,21,30.1,0.8,40,True,0,1982
63,48,49,37.6,2.2,30,False,1958,256
49,15,40,43.4,3.3,34,False,1920,38
3,62,32,46.0,0.2,40,True,4,1840
0,51,43,51.2,0.7,45,True,0,1796
0,63,30,41.1,2.4,33,True,0,1975
48,51,73,59.4,3.4,42,False,1024,260
51,63,37,45.6,0.3,46,True,260,1830
3,63,26,35.9,0.4,42,True,6,1830
51,16,57,59.9,1.7,53,False,772,0
0,63,13,22.7,1.1,31,True,0,2047
48,63,8,22.7,2.4,32,True,0,1982
16,63,33,37.8,1.4,51,True,0,1844
0,63,11,36.2,2.2,39,True,0,1982
0,63,43,54.8,1.3,53,True,0,1828
0,63,24,43.0,1.2,49,True,0,2022
0,63,19,31.0,5.2,35,True,0,1983
63,0,33,43.7,0.4,32,False,1828,0
0,63,14,27.9,0.2,42,True,0,2047
0,63,41,50.7,2.4,47,True,0,1824
63,0,38,30.5,4.2,6,False,2038,0
63,63,39,34.3,2.1,36,True,388,1975
3,63,13,24.4,2.8,24,True,6,1982
3,63,34,42.0,0.2,72,True,0,1828
3,63,16,27.4,0.0,36,True,4,1974
3,63,21,32.6,0.2,34,True,6,1974
63,11,43,42.0,1.5,27,True,388,512
63,3,46,41.0,0.2,28,False,1974,6
0,63,40,47.5,1.4,45,True,0,1798
48,63,35,37.5,4.3,48,True,384,1847
0,63,24,37.7,0.0,34,True,0,1974
63,0,59,51.4,2.0,46,False,1828,0
0,63,24,38.5,2.6,49,True,0,2047
0,63,19,30.4,0.0,44,True,0,1852
0,63,34,38.8,0.0,44,True,0,1975
63,0,46,31.2,0.9,27,False,2047,0
63,0,51,42.9,1.4,27,False,2038,0
0,63,49,46.7,0.9,51,True,0,1799
3,51,32,40.6,0.9,41,True,0,1798
3,63,16,32.5,0.8,41,True,4,2047
0,63,42,38.3,0.9,53,True,0,1968
0,63,39,47.5,1.5,62,True,0,1956
3,63,16,27.2,2.0,39,True,6,2046
51,63,43,43.8,0.0,31,True,390,1828
63,0,17,23.9,1.0,12,False,2047,0
51,63,26,31.0,0.1,32,True,390,1982
3,63,21,27.0,0.0,39,True,6,2047
3,63,22,36.5,0.9,33,True,4,1958
51,51,59,52.6,1.6,51,True,260,260
16,63,22,33.3,1.2,36,True,0,1831
49,59,44,35.8,2.7,27,False,1792,262
3,48,41,54.8,1.8,54,False,1542,256
63,19,41,44.7,2.4,35,False,1958,4
15,51,45,42.6,2.6,24,False,1572,260
63,0,34,41.9,0.9,33,False,2039,0
63,3,31,40.8,4.4,34,False,1828,0
55,63,39,44.8,6.9,30,False,1796,256
0,63,16,33.1,4.9,16,True,0,1982
0,63,24,31.8,3.6,44,True,0,1852
3,53,35,54.3,0.8,45,False,1536,384
0,63,38,37.7,0.5,40,True,0,2022
51,63,12,21.3,1.1,32,True,260,2046
63,51,34,29.0,0.0,9,False,2047,260
0,63,15,29.5,2.4,39,True,0,1854
3,63,17,24.0,1.1,44,True,6,1983
0,63,16,33.2,1.8,46,True,0,2047
48,63,53,49.0,0.1,56,True,0,1927
63,0,35,38.6,3.1,29,False,1974,0
51,63,29,31.7,0.9,25,True,455,1974
51,3,31,57.9,2.4,39,False,1988,4
63,0,36,27.3,3.6,16,False,1975,0
63,51,31,38.4,2.9,32,False,1956,388
48,63,36,36.1,1.4,40,True,384,1926
48,63,17,29.7,1.8,41,True,256,1983
63,3,40,33.4,1.0,18,False,1844,6
63,51,41,33.7,0.2,23,False,1982,1798
63,0,42,42.8,2.0,31,False,1828,0
63,0,58,31.8,0.0,21,False,1972,0
63,51,28,26.3,2.9,14,False,2039,4
63,3,18,27.8,5.1,11,False,1982,4
63,51,31,22.9,0.7,7,False,1983,390
48,63,22,36.6,1.6,46,True,256,1983
63,3,46,52.2,1.7,46,False,1828,6
60,3,60,47.9,1.9,34,False,1312,4
51,0,51,39.6,1.1,44,False,1991,0
48,63,21,32.6,0.9,37,True,384,1975
0,63,22,32.9,3.4,47,True,0,2047
3,63,11,26.4,2.5,55,True,6,2047
63,48,35,38.7,3.2,27,False,1958,256
63,0,24,25.9,2.2,15,False,2039,0
0,63,18,39.2,2.1,48,True,0,1847
0,63,31,35.2,1.1,55,True,0,1975
3,63,45,48.2,1.9,51,True,4,1980
51,63,14,32.0,10.1,31,True,390,1974
0,63,47,40.8,0.1,58,True,0,1974
48,63,20,23.5,0.2,48,True,256,2047
51,63,13,28.8,0.1,30,True,260,1846
63,0,5,24.7,1.1,21,False,2047,0
0,63,29,37.3,0.9,51,True,0,1972
63,0,51,41.4,4.8,26,False,1974,0
63,60,43,39.5,1.5,29,False,1974,32
49,51,40,46.5,0.4,32,False,1792,260
63,0,54,43.1,0.9,34,False,1974,0
63,48,63,47.0,0.3,33,False,1846,256
63,48,55,30.9,0.7,29,False,2039,256
48,51,38,43.5,0.0,57,True,448,1792
0,63,8,20.0,2.6,28,True,0,2047
63,3,52,37.6,0.0,38,False,1974,6
48,63,26,37.8,1.8,47,True,256,1958
51,63,22,25.7,0.0,51,True,260,2047
63,0,49,38.4,1.6,29,False,1975,0
51,63,27,37.8,1.0,39,True,390,1796
0,63,37,47.7,3.2,39,True,0,1798
59,0,70,71.5,3.6,52,False,1798,0
0,63,19,26.4,1.9,29,True,0,2047
63,0,45,40.8,1.4,31,False,1974,0
63,3,54,40.5,0.8,17,False,1974,4
48,63,45,38.3,3.4,38,True,256,1830
0,63,9,28.2,2.1,29,True,0,1982
63,0,39,37.8,4.6,19,False,2038,0
63,0,48,39.6,4.0,30,False,1974,0
63,48,40,31.9,2.4,13,False,1974,0
63,0,45,44.7,1.3,26,False,1956,0
0,63,11,26.3,1.8,46,True,0,2039
0,63,28,31.8,0.2,40,True,0,1983
63,3,24,25.0,1.8,11,False,1980,4
63,0,32,23.3,1.9,17,False,2047,0
63,0,64,43.5,1.3,44,False,1958,0
0,63,15,32.0,5.0,29,True,0,1975
63,51,37,22.8,1.2,5,False,2046,260
49,51,39,44.9,3.6,43,False,1792,390
0,63,32,46.0,0.0,57,True,0,1798
48,63,25,33.8,0.2,58,True,256,1983
49,3,55,53.2,1.4,52,True,384,512
63,0,41,26.7,2.2,19,False,2046,0
63,63,37,42.6,2.0,40,True,262,1958
3,63,13,31.8,1.9,43,True,4,1982
51,63,29,37.7,1.9,34,True,390,1796
63,48,47,45.0,3.2,28,False,1956,384
0,63,12,27.4,0.0,28,True,0,1958
63,0,40,28.8,3.5,16,False,2039,0
0,63,29,38.3,2.4,58,True,0,1975
0,63,34,37.0,0.1,49,True,0,1972
51,63,50,39.6,1.8,51,True,6,1972
3,63,18,28.7,2.0,51,True,4,2047
51,0,36,51.9,2.3,46,False,1926,0
63,0,46,32.8,1.4,21,False,2046,0
1,63,47,48.3,0.4,51,True,0,1974
3,63,48,43.8,1.3,43,True,4,1798
63,48,38,27.1,0.0,13,False,1983,384
63,0,37,38.1,5.4,24,False,1959,0
51,63,14,30.0,1.4,40,True,260,2039
0,63,17,39.4,1.2,49,True,0,1975
3,63,22,27.0,0.9,34,True,6,1982
3,63,13,32.7,3.4,37,True,4,1974
63,0,44,39.8,1.2,33,False,1956,0
63,51,40,29.6,0.2,12,False,1846,262
61,3,48,39.8,1.6,39,False,1568,6
51,3,32,47.7,5.0,50,True,448,0
63,0,47,43.2,2.2,25,False,1974,0
0,63,14,35.8,5.0,33,True,0,1982
63,0,41,34.1,4.3,7,False,1854,0
48,63,32,39.6,0.9,43,True,0,1824
48,63,31,36.7,1.4,46,True,384,1974
63,51,41,43.4,0.1,31,True,390,256
51,59,47,50.7,2.2,36,True,262,1792
63,0,43,45.8,1.4,30,False,1958,0
63,0,23,40.8,3.2,30,False,2038,0
3,63,19,25.9,1.6,50,True,4,1975
63,0,57,33.2,0.2,24,False,1846,0
63,3,49,38.4,0.0,21,False,1828,0
48,63,31,32.5,1.2,42,True,256,1830
63,48,37,26.6,2.0,9,False,2039,384
63,0,38,37.9,3.0,37,False,1958,0
15,63,39,40.2,0.3,47,True,38,1828
63,63,16,36.1,0.1,34,True,260,2038
2,63,27,37.0,1.6,46,True,0,1974
63,0,51,40.7,3.2,33,False,1958,0
0,63,35,39.5,1.4,42,True,0,1830
0,51,37,45.9,2.6,48,True,0,772
63,3,38,35.0,2.3,20,False,2040,4
48,63,11,29.4,2.5,34,True,256,1983
3,63,22,31.8,1.9,42,True,6,1840
63,59,23,35.9,0.3,33,True,6,1792
63,3,29,29.7,3.6,12,False,1980,4
51,63,35,41.4,0.2,44,True,260,1974
63,0,25,36.9,0.7,21,False,1830,0
63,0,31,26.6,0.7,22,False,1974,0
63,0,33,41.7,6.1,39,False,2039,0
63,51,42,43.2,1.3,34,False,1828,262
0,63,48,47.8,5.1,43,True,0,1828
0,63,27,35.8,2.4,44,True,0,1975
0,63,11,29.4,2.9,36,True,0,1975
0,51,33,40.6,0.6,35,True,0,1408
63,51,30,36.0,3.9,30,False,1590,390
63,0,37,35.6,4.6,10,False,1968,0
63,3,39,39.1,2.3,36,False,1972,6
3,63,4,19.5,0.3,20,True,6,2046
0,63,35,45.6,3.9,56,True,0,1956
63,3,47,33.4,2.3,30,False,2020,6
51,63,21,32.4,2.8,40,True,260,1983
63,48,33,28.6,1.6,16,False,2047,256
63,51,30,31.9,0.6,25,False,1974,262
12,63,30,44.8,2.9,40,True,32,1284
63,0,36,27.6,0.7,17,False,2047,0
63,0,52,36.0,0.0,45,False,1958,0
63,0,44,37.7,1.7,33,False,1926,0
63,3,50,31.1,4.1,27,False,2046,4
51,63,59,62.4,0.7,71,True,260,1798
51,63,26,36.0,3.2,30,True,390,1958
19,19,54,67.3,1.8,42,False,4,0
35,63,16,34.8,0.9,43,True,4,1980
63,0,45,42.5,2.1,33,False,1974,0
63,51,52,41.0,1.4,33,False,1926,262
0,63,20,34.8,3.9,39,True,0,1983
63,48,55,37.6,0.6,32,False,1798,384
0,63,52,54.2,1.6,38,True,0,1542
0,48,39,38.8,1.6,50,True,0,1792
3,63,10,22.6,3.5,33,True,4,2038
63,0,48,37.8,2.2,19,False,1974,0
48,63,37,41.4,2.7,51,True,384,1796
63,3,25,31.4,2.3,15,False,1974,4
63,0,46,41.4,0.2,25,False,2022,0
63,0,33,33.0,3.3,23,False,1972,0
63,0,51,35.5,2.1,24,False,1846,0
48,63,20,36.1,0.1,52,True,256,1852
48,63,17,31.2,3.6,33,True,256,1974
0,63,18,36.8,2.0,43,True,0,1975
0,63,29,37.2,4.5,38,True,0,1983
0,63,37,40.2,1.0,36,True,0,1972
63,0,45,32.3,0.8,24,False,1982,0
51,56,36,49.5,0.0,45,True,262,1792
63,0,49,40.7,0.1,29,False,1592,0
60,3,31,34.1,2.8,36,False,1840,7
63,0,44,41.0,0.1,31,False,1974,0
63,48,34,38.8,1.6,26,False,1974,384
63,0,48,32.4,3.8,26,False,1846,0
48,63,27,39.1,0.2,59,True,256,1975
63,0,35,37.1,2.1,28,False,2038,0
0,63,16,24.1,1.8,38,True,0,1983
48,51,41,41.5,1.3,47,False,1920,388
63,51,37,22.5,2.7,11,False,2047,390
0,63,18,32.4,2.4,36,True,0,1844
51,63,14,30.0,1.2,37,True,388,1974
0,63,17,21.0,1.8,16,True,0,2046
3,63,22,29.9,3.7,41,True,4,2046
0,63,21,28.0,1.3,35,True,0,2047
51,0,44,68.7,2.0,56,True,388,0
3,63,34,42.2,2.6,44,True,4,1974
51,63,29,34.8,0.0,42,True,388,1846
63,3,37,30.8,3.3,21,False,2039,6
60,3,46,41.1,2.8,22,False,1568,7
51,63,11,22.6,1.3,27,True,260,2047
63,0,45,49.6,1.5,29,False,1956,0
51,63,19,26.4,3.8,25,True,262,2038
0,63,22,28.5,2.0,37,True,0,1983
51,63,17,30.4,0.1,39,True,260,1974
0,63,27,24.2,0.2,40,True,0,1983
3,63,13,30.8,1.5,53,True,4,2044
63,35,54,45.1,0.9,32,False,1572,4
0,63,12,25.7,0.3,28,True,0,2047
63,3,52,36.2,2.1,23,False,1972,0
63,3,37,34.5,2.6,34,False,1956,6
63,3,33,37.2,2.6,23,False,2038,6
51,0,56,43.0,0.8,40,False,1796,0
0,63,23,28.8,0.9,38,True,0,2038
63,0,47,46.9,1.3,46,False,1830,0
51,63,12,24.0,1.8,25,True,260,2046
63,0,54,44.9,5.4,33,False,1792,0
3,19,30,38.4,1.4,43,True,4,1540
63,63,25,24.7,2.7,18,False,2036,1975
51,60,39,40.2,0.2,45,True,390,1824
3,63,11,19.3,0.2,35,True,4,2047
51,63,38,39.5,1.0,31,True,262,1796
0,63,17,29.6,2.4,42,True,0,2046
0,63,29,34.1,2.0,45,True,0,1980
63,0,56,42.0,1.2,42,False,1958,0
0,63,32,39.4,0.9,57,True,0,1846
51,63,6,18.0,2.8,23,True,262,2046
63,48,42,45.2,2.0,40,True,262,1792
63,0,40,24.4,0.9,10,False,1958,0
50,63,29,37.3,2.2,26,True,384,1590
48,63,27,35.2,0.3,43,True,256,1975
0,63,33,45.3,1.6,45,True,0,1844
63,63,37,41.5,0.0,51,True,6,1798
32,63,13,29.4,3.8,46,True,0,2047
0,63,51,64.4,1.6,34,True,0,1572
63,48,56,57.8,0.2,55,False,1952,0
51,63,30,37.0,0.1,52,True,388,1855
0,63,18,31.4,1.1,39,True,0,1983
3,63,28,42.4,2.5,48,True,6,1972
63,3,37,25.1,1.0,12,False,2038,6
51,0,50,48.4,2.4,48,False,774,0
63,51,54,49.3,3.0,50,False,1830,260
0,63,19,30.8,1.5,44,True,0,2047
51,63,18,24.4,1.6,30,True,390,1983
0,63,13,31.0,3.1,32,True,0,2047
48,63,10,26.0,1.8,33,True,256,2047
63,51,51,40.1,1.2,37,False,1972,262
63,0,27,31.5,0.3,36,False,1958,0
63,51,35,29.7,0.0,27,False,1844,390
0,63,11,32.9,1.4,45,True,0,2046
63,0,57,49.4,0.3,36,False,1828,0
63,48,49,50.2,0.9,45,False,1828,256
0,63,13,22.8,1.4,35,True,0,2047
60,0,39,43.8,5.7,27,False,1824,0
51,63,20,29.6,1.6,38,True,260,1974
63,48,23,32.7,0.8,27,False,2038,256
0,63,35,37.5,2.8,38,True,0,1959
51,63,22,32.2,1.1,47,True,260,1958
63,3,44,39.3,0.0,30,False,1972,6
51,51,33,49.2,0.8,44,True,388,516
48,63,28,41.1,0.0,45,True,0,1982
63,3,57,43.4,0.9,31,False,1846,4
0,63,24,30.0,2.6,34,True,0,1846
47,63,35,30.0,0.2,40,True,6,1974
51,63,16,29.8,1.5,28,True,390,1974
48,63,29,37.4,1.8,38,True,256,1958
0,63,44,40.1,0.3,57,True,0,2022
48,63,16,24.2,1.0,37,True,0,1975
51,15,48,59.9,0.6,50,True,260,544
63,48,39,32.1,2.3,17,False,1846,384
19,63,27,30.8,1.1,39,True,4,1983
15,63,21,27.8,2.0,35,True,36,2046
48,63,36,32.8,1.4,35,True,384,1846
51,0,39,39.2,0.3,44,False,1920,0
63,0,32,30.7,1.4,19,False,2047,0
0,63,20,38.0,1.1,47,True,0,1958
3,63,21,28.1,4.6,39,True,6,1974
50,63,30,45.6,0.3,41,True,256,1956
3,63,23,34.6,1.8,47,True,4,2047
3,63,24,34.0,0.1,34,True,6,1846
51,0,50,59.4,4.8,28,False,1796,0
63,0,62,51.4,2.5,41,False,1828,0
0,59,40,43.3,2.2,66,True,0,903
0,63,35,41.2,1.8,49,True,0,1974
63,0,36,43.2,1.9,33,False,1956,0
48,0,41,48.5,2.4,39,False,1792,0
